{"intercept":-141.908891048351,"footprint":2.99460575991843,"perimeter":9.71128894211707,"shared_perimeter":380.573768210623,"abs_shared_perimeter":2.67058223163579,"perimeter_per_footprint":-1418.63220911227,"residential":343.275541221322}
