{"intercept":343.952043396986,"external_wall_area":0.0888896151902154,"volume":0.252233549141802,"tot_surface_per_volume":-496.055519689905,"height":-3.42553088420775,"perimeter":5.27225916432559}
