{"intercept":10670.4411876577,"external_wall_area":2.75762691133627,"volume":7.82505382171926,"tot_surface_per_volume":-15389.1548263162,"height":-106.27041338509,"perimeter":163.561555801234}
