{"intercept":-4402.44651836364,"footprint":92.9018020240381,"perimeter":301.273795293632,"shared_perimeter":11806.5587607796,"shared_perimeter_m":82.8496041425813,"perimeter_per_footprint":-44010.296914497,"residential":10649.454027333}
